{"cameraMode":{"drawMode":0,"name":"Shaded","section":"Shading Mode"},"sceneLighting":false,"audioPlay":false,"sceneViewState":{"m_AlwaysRefresh":false,"showFog":true,"showSkybox":false,"showFlares":true,"showImageEffects":true,"showParticleSystems":true,"showVisualEffectGraphs":true,"m_FxEnabled":true},"in2DMode":false,"pivot":{"x":-0.9977754354476929,"y":0.6007951498031616,"z":-4.470348358154297e-8},"rotation":{"x":0.13754814863204957,"y":-0.7761642336845398,"z":0.18157702684402467,"w":0.5879536867141724},"size":1.4917796850204468,"orthographic":false}