{"cameraMode":{"drawMode":0,"name":"Shaded","section":"Shading Mode"},"sceneLighting":false,"audioPlay":false,"sceneViewState":{"m_AlwaysRefresh":false,"showFog":true,"showSkybox":false,"showFlares":true,"showImageEffects":true,"showParticleSystems":true,"showVisualEffectGraphs":true,"m_FxEnabled":false},"in2DMode":false,"pivot":{"x":-1.1725034713745118,"y":0.7065314054489136,"z":-0.39264973998069765},"rotation":{"x":0.21319614350795747,"y":-0.6653644442558289,"z":0.20713591575622559,"w":0.6847993731498718},"size":1.9254429340362549,"orthographic":false}